{
    "Description": "Creating the networking infrastructure and servers for ADOP.",
    "Mappings": {
        "RegionMap": {
            "eu-west-1": {
                "AMI": "ami-26603451",
                "CHEFNODE": "ami-a22f83d5",
                "CHEFSERVER": "ami-72ba1705",
                "HYBRIS": "ami-5399a424"
            }
        }
    },
    "Outputs": {
        "ChefNodeServer": {
            "Description": "Chef Node Private IP",
            "Value": {
                "Fn::GetAtt": [
                    "ChefNodeTomcatEc2Instance",
                    "PrivateIp"
                ]
            }
        },
        "ChefServer": {
            "Description": "Chef Server Private IP",
            "Value": {
                "Fn::GetAtt": [
                    "ChefServerEc2Instance",
                    "PrivateIp"
                ]
            }
        },
        "ConfluenceServer": {
            "Description": "Confluence Private IP",
            "Value": {
                "Fn::GetAtt": [
                    "ConfluenceEc2Instance",
                    "PrivateIp"
                ]
            }
        },
        "ELKServer": {
            "Description": "ELK Private IP",
            "Value": {
                "Fn::GetAtt": [
                    "ELKEc2Instance",
                    "PrivateIp"
                ]
            }
        },
        "HybrisServer": {
            "Description": "Hybris Private IP",
            "Value": {
                "Fn::GetAtt": [
                    "HybrisEc2Instance",
                    "PrivateIp"
                ]
            }
        },
        "JiraServer": {
            "Description": "Jira Private IP",
            "Value": {
                "Fn::GetAtt": [
                    "JIRAEc2Instance",
                    "PrivateIp"
                ]
            }
        },
        "NodeApp": {
            "Description": "NodeApp Private IP",
            "Value": {
                "Fn::GetAtt": [
                    "NodeAppEc2Instance",
                    "PrivateIp"
                ]
            }
        },
        "NodeAppEnvUrl": {
            "Description": "URL of your NodeApp",
            "Value": {
                "Fn::Join": [
                    "",
                    [
                        "http://nodeapp.",
                        {
                            "Fn::GetAtt": [
                                "NginxNatEc2Instance",
                                "PublicIp"
                            ]
                        },
                        ".xip.io"
                    ]
                ]
            }
        },
        "OpenLDAPGerritSeleniumShipyardServer": {
            "Description": "OpenLDAP,Gerrit,Selenium,Shipyard Private IP",
            "Value": {
                "Fn::GetAtt": [
                    "LDAPGerritShipyardSeleniumEc2Instance",
                    "PrivateIp"
                ]
            }
        },
        "Phabricator": {
            "Description": "Phabricator Private IP",
            "Value": {
                "Fn::GetAtt": [
                    "PhabricatorEc2Instance",
                    "PrivateIp"
                ]
            }
        },
        "ReleaseNote": {
            "Description": "This is your starting point, please copy this IP into your web browser.",
            "Value": {
                "Fn::Join": [
                    "",
                    [
                        "http://",
                        {
                            "Fn::GetAtt": [
                                "NginxNatEc2Instance",
                                "PublicIp"
                            ]
                        }
                    ]
                ]
            }
        },
        "SonarJenkinsServer": {
            "Description": "Sonar,Jenkins Private IP",
            "Value": {
                "Fn::GetAtt": [
                    "SonarJenkinsEc2Instance",
                    "PrivateIp"
                ]
            }
        },
        "nginxNat": {
            "Description": "Nginx proxy, Nat Public IP",
            "Value": {
                "Fn::GetAtt": [
                    "NginxNatEc2Instance",
                    "PublicIp"
                ]
            }
        }
    },
    "Parameters": {
        "ConfluenceVersion": {
            "AllowedPattern": "(latest|[0-9]*.[0-9]*.[0-9]*)",
            "Default": "latest",
            "Description": "Assume the latest stable docker image/tag if no version is specified. i.e. 0.1.1, 0.1.2",
            "Type": "String"
        },
        "ELKVersion": {
            "AllowedPattern": "(latest|[0-9]*.[0-9]*.[0-9]*)",
            "Default": "0.11.0",
            "Description": "Assume the latest stable docker image/tag if no version is specified. i.e. 0.1.1, 0.1.2",
            "Type": "String"
        },
        "GerritVersion": {
            "AllowedPattern": "(latest|[0-9]*.[0-9]*.[0-9]*)",
            "Default": "1.0.15",
            "Description": "Assume the latest stable docker image/tag if no version is specified. i.e. 0.1.1, 0.1.2",
            "Type": "String"
        },
        "JenkinsVersion": {
            "AllowedPattern": "(latest|[0-9]*.[0-9]*.[0-9]*)",
            "Default": "2.1.7",
            "Description": "Assume the latest stable docker image/tag if no version is specified. i.e. 0.1.1, 0.1.2",
            "Type": "String"
        },
        "JiraVersion": {
            "AllowedPattern": "(latest|[0-9]*.[0-9]*.[0-9]*)",
            "Default": "1.0.2",
            "Description": "Assume the latest stable docker image/tag if no version is specified. i.e. 0.1.1, 0.1.2",
            "Type": "String"
        },
        "KeyName": {
            "Default": "academy_key",
            "Description": "Key-pair name to use. Defaults to academy_key for DevOpsAcademy. On real project use alternative key!",
            "Type": "String"
        },
        "NginxVersion": {
            "AllowedPattern": "(latest|[0-9]*.[0-9]*.[0-9]*)",
            "Default": "2.0.17",
            "Description": "Assume the latest stable docker image/tag if no version is specified. i.e. 0.1.1, 0.1.2",
            "Type": "String"
        },
        "NodeAppVersion": {
            "AllowedPattern": "(latest|[0-9]*.[0-9]*.[0-9]*)",
            "Default": "0.0.5",
            "Description": "Assume the latest stable docker image/tag if no version is specified. i.e. 0.1.1, 0.1.2",
            "Type": "String"
        },
        "OpenLDAPVersion": {
            "AllowedPattern": "(latest|[0-9]*.[0-9]*.[0-9]*)",
            "Default": "1.0.4",
            "Description": "Assume the latest stable docker image/tag if no version is specified. i.e. 0.1.1, 0.1.2",
            "Type": "String"
        },
        "PhabricatorVersion": {
            "AllowedPattern": "(latest|[0-9]*.[0-9]*.[0-9]*)",
            "Default": "0.1.11",
            "Description": "Assume the latest stable docker image/tag if no version is specified. i.e. 0.1.1, 0.1.2",
            "Type": "String"
        },
        "SeleniumChromeNodeVersion": {
            "AllowedPattern": "(latest|[0-9]*.[0-9]*.[0-9]*)",
            "Default": "2.44.0",
            "Description": "Assume the latest stable docker image/tag if no version is specified. i.e. 0.1.1, 0.1.2",
            "Type": "String"
        },
        "SeleniumHubVersion": {
            "AllowedPattern": "(latest|[0-9]*.[0-9]*.[0-9]*)",
            "Default": "2.44.0",
            "Description": "Assume the latest stable docker image/tag if no version is specified. i.e. 0.1.1, 0.1.2",
            "Type": "String"
        },
        "ShipyardVersion": {
            "AllowedPattern": "(latest|[0-9]*.[0-9]*.[0-9]*)",
            "Default": "2.0.8",
            "Description": "Assume the latest stable docker image/tag if no version is specified. i.e. 0.1.1, 0.1.2",
            "Type": "String"
        },
        "SonarVersion": {
            "AllowedPattern": "(latest|[0-9]*.[0-9]*.[0-9]*)",
            "Default": "1.0.6",
            "Description": "Assume the latest stable docker image/tag if no version is specified. i.e. 0.1.1, 0.1.2",
            "Type": "String"
        },
        "rsyslogVersion": {
            "AllowedPattern": "(latest|[0-9]*.[0-9]*.[0-9]*)",
            "Default": "0.1.0",
            "Description": "Assume the latest stable docker image/tag if no version is specified. i.e. 0.1.1, 0.1.2",
            "Type": "String"
        }
    },
    "Resources": {
        "ApplicationSubnet": {
            "Properties": {
                "CidrBlock": "10.0.2.0/24",
                "VpcId": {
                    "Ref": "Vpc"
                }
            },
            "Type": "AWS::EC2::Subnet"
        },
        "ChefNodeTomcatEc2Instance": {
            "Properties": {
                "BlockDeviceMappings": [
                    {
                        "DeviceName": "/dev/sda1",
                        "Ebs": {
                            "DeleteOnTermination": "true",
                            "VolumeSize": 30
                        }
                    }
                ],
                "ImageId": {
                    "Fn::FindInMap": [
                        "RegionMap",
                        {
                            "Ref": "AWS::Region"
                        },
                        "CHEFNODE"
                    ]
                },
                "InstanceType": "m1.small",
                "KeyName": {
                    "Ref": "KeyName"
                },
                "NetworkInterfaces": [
                    {
                        "AssociatePublicIpAddress": "false",
                        "DeleteOnTermination": "true",
                        "DeviceIndex": "0",
                        "GroupSet": [
                            {
                                "Ref": "DefaultApplicationSecurityGroup"
                            },
                            {
                                "Ref": "PetclinicSecurityGroup"
                            }
                        ],
                        "PrivateIpAddress": "10.0.2.5",
                        "SubnetId": {
                            "Ref": "ApplicationSubnet"
                        }
                    }
                ],
                "Tags": [
                    {
                        "Key": "Name",
                        "Value": "ADOP-ChefNodePetclinicCI"
                    },
                    {
                        "Key": "Project",
                        "Value": "ADOP"
                    }
                ],
                "UserData": {
                    "Fn::Base64": {
                        "Fn::Join": [
                            "",
                            [
                                "#!/bin/bash\n",
                                "service iptables stop\n",
                                "chkconfig iptables off\n",
                                "p_hostname=`curl http://169.254.169.254/latest/meta-data/public-hostname`\n",
                                "p_localip=`curl http://169.254.169.254/latest/meta-data/local-ipv4`\n",
                                "hostname $p_hostname`\n",
                                "curl https://s3-eu-west-1.amazonaws.com/academy-bucket/academy-key/academy_key.pub >> ~/.ssh/authorized_keys\n",
                                "\n"
                            ]
                        ]
                    }
                }
            },
            "Type": "AWS::EC2::Instance"
        },
        "ChefServerEc2Instance": {
            "Properties": {
                "BlockDeviceMappings": [
                    {
                        "DeviceName": "/dev/sda1",
                        "Ebs": {
                            "DeleteOnTermination": "true",
                            "VolumeSize": 30
                        }
                    }
                ],
                "ImageId": {
                    "Fn::FindInMap": [
                        "RegionMap",
                        {
                            "Ref": "AWS::Region"
                        },
                        "CHEFSERVER"
                    ]
                },
                "InstanceType": "t2.medium",
                "KeyName": {
                    "Ref": "KeyName"
                },
                "NetworkInterfaces": [
                    {
                        "AssociatePublicIpAddress": "false",
                        "DeleteOnTermination": "true",
                        "DeviceIndex": "0",
                        "GroupSet": [
                            {
                                "Ref": "DefaultToolSecurityGroup"
                            },
                            {
                                "Ref": "ChefServerSecurityGroup"
                            }
                        ],
                        "PrivateIpAddress": "10.0.0.195",
                        "SubnetId": {
                            "Ref": "ToolSubnet"
                        }
                    }
                ],
                "Tags": [
                    {
                        "Key": "Name",
                        "Value": "ADOP-ChefServer"
                    },
                    {
                        "Key": "Project",
                        "Value": "ADOP"
                    }
                ]
            },
            "Type": "AWS::EC2::Instance"
        },
        "ChefServerSecurityGroup": {
            "Properties": {
                "GroupDescription": "Enabling access to all IPs and below listed ports",
                "SecurityGroupIngress": [
                    {
                        "CidrIp": "10.0.1.0/24",
                        "FromPort": "443",
                        "IpProtocol": "tcp",
                        "ToPort": "443"
                    },
                    {
                        "CidrIp": "10.0.2.0/24",
                        "FromPort": "443",
                        "IpProtocol": "tcp",
                        "ToPort": "443"
                    },
                    {
                        "CidrIp": "10.0.2.0/24",
                        "FromPort": "443",
                        "IpProtocol": "tcp",
                        "ToPort": "443"
                    },
                    {
                        "CidrIp": "10.0.0.0/24",
                        "FromPort": "443",
                        "IpProtocol": "tcp",
                        "ToPort": "443"
                    }
                ],
                "VpcId": {
                    "Ref": "Vpc"
                }
            },
            "Type": "AWS::EC2::SecurityGroup"
        },
        "CloudWatchAlarm": {
            "Properties": {
                "AlarmDescription": "CPU usage alarm",
                "AlarmName": {
                    "Ref": "AWS::StackName"
                },
                "ComparisonOperator": "GreaterThanOrEqualToThreshold",
                "Dimensions": [
                    {
                        "Name": "InstanceId",
                        "Value": {
                            "Ref": "SonarJenkinsEc2Instance"
                        }
                    }
                ],
                "EvaluationPeriods": "1",
                "MetricName": "CPUUtilization",
                "Namespace": "AWS/EC2",
                "Period": "60",
                "Statistic": "Average",
                "Threshold": "10",
                "Unit": "Percent"
            },
            "Type": "AWS::CloudWatch::Alarm"
        },
        "ConfluenceEc2Instance": {
            "Properties": {
                "BlockDeviceMappings": [
                    {
                        "DeviceName": "/dev/xvda",
                        "Ebs": {
                            "DeleteOnTermination": "true",
                            "VolumeSize": 50
                        }
                    }
                ],
                "ImageId": {
                    "Fn::FindInMap": [
                        "RegionMap",
                        {
                            "Ref": "AWS::Region"
                        },
                        "AMI"
                    ]
                },
                "InstanceType": "t2.medium",
                "KeyName": {
                    "Ref": "KeyName"
                },
                "NetworkInterfaces": [
                    {
                        "AssociatePublicIpAddress": "false",
                        "DeleteOnTermination": "true",
                        "DeviceIndex": "0",
                        "GroupSet": [
                            {
                                "Ref": "DefaultToolSecurityGroup"
                            },
                            {
                                "Ref": "ConfluenceSecurityGroup"
                            }
                        ],
                        "PrivateIpAddress": "10.0.0.199",
                        "SubnetId": {
                            "Ref": "ToolSubnet"
                        }
                    }
                ],
                "Tags": [
                    {
                        "Key": "Name",
                        "Value": "ADOP-Confluence"
                    },
                    {
                        "Key": "Project",
                        "Value": "ADOP"
                    }
                ],
                "UserData": {
                    "Fn::Base64": {
                        "Fn::Join": [
                            "",
                            [
                                "#!/bin/bash\n",
                                "curl https://s3-eu-west-1.amazonaws.com/academy-bucket/academy-key/academy_key.pub >> ~/.ssh/authorized_keys\n",
                                "docker login -u devops.training -p ztNsaJPyrSyrPdtn -e devops.training@accenture.com docker.accenture.com\n",
                                "docker run -td --restart=always -p 8090:8090 docker.accenture.com/dcsc/academy_confluence:",
                                {
                                    "Ref": "ConfluenceVersion"
                                },
                                "\n"
                            ]
                        ]
                    }
                }
            },
            "Type": "AWS::EC2::Instance"
        },
        "ConfluenceSecurityGroup": {
            "Properties": {
                "GroupDescription": "Enabling access to all IPs and below listed ports",
                "SecurityGroupIngress": [
                    {
                        "CidrIp": "10.0.1.0/24",
                        "FromPort": "8090",
                        "IpProtocol": "tcp",
                        "ToPort": "8090"
                    }
                ],
                "VpcId": {
                    "Ref": "Vpc"
                }
            },
            "Type": "AWS::EC2::SecurityGroup"
        },
        "DefaultApplicationSecurityGroup": {
            "Properties": {
                "GroupDescription": "Enabling access to all IPs and below listed ports",
                "SecurityGroupIngress": [
                    {
                        "CidrIp": "10.0.1.0/24",
                        "FromPort": "22",
                        "IpProtocol": "tcp",
                        "ToPort": "22"
                    },
                    {
                        "CidrIp": "10.0.0.0/24",
                        "FromPort": "22",
                        "IpProtocol": "tcp",
                        "ToPort": "22"
                    },
                    {
                        "CidrIp": "10.0.0.0/24",
                        "FromPort": "2375",
                        "IpProtocol": "tcp",
                        "ToPort": "2375"
                    }
                ],
                "VpcId": {
                    "Ref": "Vpc"
                }
            },
            "Type": "AWS::EC2::SecurityGroup"
        },
        "DefaultSecurityGroup": {
            "Properties": {
                "GroupDescription": "Enabling access to all IPs and below listed ports",
                "SecurityGroupIngress": [
                    {
                        "CidrIp": "0.0.0.0/0",
                        "FromPort": "22",
                        "IpProtocol": "tcp",
                        "ToPort": "22"
                    },
                    {
                        "CidrIp": "0.0.0.0/0",
                        "FromPort": "80",
                        "IpProtocol": "tcp",
                        "ToPort": "80"
                    },
                    {
                        "CidrIp": "0.0.0.0/0",
                        "FromPort": "443",
                        "IpProtocol": "tcp",
                        "ToPort": "443"
                    }
                ],
                "VpcId": {
                    "Ref": "Vpc"
                }
            },
            "Type": "AWS::EC2::SecurityGroup"
        },
        "DefaultToolSecurityGroup": {
            "Properties": {
                "GroupDescription": "Enabling access to all IPs and below listed ports",
                "SecurityGroupIngress": [
                    {
                        "CidrIp": "10.0.1.0/24",
                        "FromPort": "22",
                        "IpProtocol": "tcp",
                        "ToPort": "22"
                    },
                    {
                        "CidrIp": "10.0.0.0/24",
                        "FromPort": "2375",
                        "IpProtocol": "tcp",
                        "ToPort": "2375"
                    }
                ],
                "VpcId": {
                    "Ref": "Vpc"
                }
            },
            "Type": "AWS::EC2::SecurityGroup"
        },
        "ELKEc2Instance": {
            "Properties": {
                "BlockDeviceMappings": [
                    {
                        "DeviceName": "/dev/xvda",
                        "Ebs": {
                            "DeleteOnTermination": "true",
                            "VolumeSize": 50
                        }
                    }
                ],
                "ImageId": {
                    "Fn::FindInMap": [
                        "RegionMap",
                        {
                            "Ref": "AWS::Region"
                        },
                        "AMI"
                    ]
                },
                "InstanceType": "t2.micro",
                "KeyName": {
                    "Ref": "KeyName"
                },
                "NetworkInterfaces": [
                    {
                        "AssociatePublicIpAddress": "false",
                        "DeleteOnTermination": "true",
                        "DeviceIndex": "0",
                        "GroupSet": [
                            {
                                "Ref": "DefaultToolSecurityGroup"
                            },
                            {
                                "Ref": "ELKSecurityGroup"
                            }
                        ],
                        "PrivateIpAddress": "10.0.0.200",
                        "SubnetId": {
                            "Ref": "ToolSubnet"
                        }
                    }
                ],
                "Tags": [
                    {
                        "Key": "Name",
                        "Value": "ADOP-ELK"
                    },
                    {
                        "Key": "Project",
                        "Value": "ADOP"
                    }
                ],
                "UserData": {
                    "Fn::Base64": {
                        "Fn::Join": [
                            "",
                            [
                                "#!/bin/bash\n",
                                "docker run -td --restart=always -e ES_PORT=80 -e ES_HOST=kibana.",
                                {
                                    "Fn::GetAtt": [
                                        "NginxNatEc2Instance",
                                        "PublicIp"
                                    ]
                                },
                                ".xip.io -e LOGSTASH_CONFIG_URL=https://s3-eu-west-1.amazonaws.com/academy-bucket/ELK/logstash.conf -p 9292:9292 -p 9200:9200 -p 514:514 -p 514:514/udp pblittle/docker-logstash:",
                                {
                                    "Ref": "ELKVersion"
                                },
                                "\n",
                                "curl https://s3-eu-west-1.amazonaws.com/academy-bucket/academy-key/academy_key.pub >> ~/.ssh/authorized_keys\n",
                                "\n"
                            ]
                        ]
                    }
                }
            },
            "Type": "AWS::EC2::Instance"
        },
        "ELKSecurityGroup": {
            "Properties": {
                "GroupDescription": "Enabling access to all IPs and below listed ports",
                "SecurityGroupIngress": [
                    {
                        "CidrIp": "10.0.1.0/24",
                        "FromPort": "9292",
                        "IpProtocol": "tcp",
                        "ToPort": "9292"
                    },
                    {
                        "CidrIp": "10.0.1.0/24",
                        "FromPort": "9200",
                        "IpProtocol": "tcp",
                        "ToPort": "9200"
                    },
                    {
                        "CidrIp": "10.0.1.0/24",
                        "FromPort": "514",
                        "IpProtocol": "udp",
                        "ToPort": "9200"
                    },
                    {
                        "CidrIp": "10.0.0.0/24",
                        "FromPort": "514",
                        "IpProtocol": "udp",
                        "ToPort": "514"
                    },
                    {
                        "CidrIp": "10.0.2.0/24",
                        "FromPort": "514",
                        "IpProtocol": "udp",
                        "ToPort": "514"
                    },
                    {
                        "CidrIp": "10.0.1.0/24",
                        "FromPort": "514",
                        "IpProtocol": "tcp",
                        "ToPort": "514"
                    },
                    {
                        "CidrIp": "10.0.0.0/24",
                        "FromPort": "514",
                        "IpProtocol": "tcp",
                        "ToPort": "514"
                    },
                    {
                        "CidrIp": "10.0.2.0/24",
                        "FromPort": "514",
                        "IpProtocol": "tcp",
                        "ToPort": "514"
                    }
                ],
                "VpcId": {
                    "Ref": "Vpc"
                }
            },
            "Type": "AWS::EC2::SecurityGroup"
        },
        "GerritSecurityGroup": {
            "Properties": {
                "GroupDescription": "Enabling access to all IPs and below listed ports",
                "SecurityGroupIngress": [
                    {
                        "CidrIp": "10.0.1.0/24",
                        "FromPort": "8030",
                        "IpProtocol": "tcp",
                        "ToPort": "8030"
                    },
                    {
                        "CidrIp": "10.0.0.0/24",
                        "FromPort": "8030",
                        "IpProtocol": "tcp",
                        "ToPort": "8030"
                    },
                    {
                        "CidrIp": "10.0.0.0/24",
                        "FromPort": "29418",
                        "IpProtocol": "tcp",
                        "ToPort": "29418"
                    }
                ],
                "VpcId": {
                    "Ref": "Vpc"
                }
            },
            "Type": "AWS::EC2::SecurityGroup"
        },
        "HybrisEc2Instance": {
            "Properties": {
                "BlockDeviceMappings": [
                    {
                        "DeviceName": "/dev/xvda",
                        "Ebs": {
                            "DeleteOnTermination": "true",
                            "VolumeSize": 30
                        }
                    }
                ],
                "ImageId": {
                    "Fn::FindInMap": [
                        "RegionMap",
                        {
                            "Ref": "AWS::Region"
                        },
                        "HYBRIS"
                    ]
                },
                "InstanceType": "t2.medium",
                "KeyName": {
                    "Ref": "KeyName"
                },
                "NetworkInterfaces": [
                    {
                        "AssociatePublicIpAddress": "false",
                        "DeleteOnTermination": "true",
                        "DeviceIndex": "0",
                        "GroupSet": [
                            {
                                "Ref": "DefaultApplicationSecurityGroup"
                            },
                            {
                                "Ref": "HybrisSecurityGroup"
                            }
                        ],
                        "PrivateIpAddress": "10.0.2.6",
                        "SubnetId": {
                            "Ref": "ApplicationSubnet"
                        }
                    }
                ],
                "Tags": [
                    {
                        "Key": "Name",
                        "Value": "ADOP-HybrisCI"
                    },
                    {
                        "Key": "Project",
                        "Value": "ADOP"
                    }
                ]
            },
            "Type": "AWS::EC2::Instance"
        },
        "HybrisSecurityGroup": {
            "Properties": {
                "GroupDescription": "Enabling access to all IPs and below listed ports",
                "SecurityGroupIngress": [
                    {
                        "CidrIp": "10.0.1.0/24",
                        "FromPort": "9001",
                        "IpProtocol": "tcp",
                        "ToPort": "9001"
                    }
                ],
                "VpcId": {
                    "Ref": "Vpc"
                }
            },
            "Type": "AWS::EC2::SecurityGroup"
        },
        "JIRAEc2Instance": {
            "Properties": {
                "BlockDeviceMappings": [
                    {
                        "DeviceName": "/dev/xvda",
                        "Ebs": {
                            "DeleteOnTermination": "true",
                            "VolumeSize": 50
                        }
                    }
                ],
                "ImageId": {
                    "Fn::FindInMap": [
                        "RegionMap",
                        {
                            "Ref": "AWS::Region"
                        },
                        "AMI"
                    ]
                },
                "InstanceType": "t2.micro",
                "KeyName": {
                    "Ref": "KeyName"
                },
                "NetworkInterfaces": [
                    {
                        "AssociatePublicIpAddress": "false",
                        "DeleteOnTermination": "true",
                        "DeviceIndex": "0",
                        "GroupSet": [
                            {
                                "Ref": "DefaultToolSecurityGroup"
                            },
                            {
                                "Ref": "JiraSecurityGroup"
                            }
                        ],
                        "PrivateIpAddress": "10.0.0.201",
                        "SubnetId": {
                            "Ref": "ToolSubnet"
                        }
                    }
                ],
                "Tags": [
                    {
                        "Key": "Name",
                        "Value": "ADOP-Jira"
                    },
                    {
                        "Key": "Project",
                        "Value": "ADOP"
                    }
                ],
                "UserData": {
                    "Fn::Base64": {
                        "Fn::Join": [
                            "",
                            [
                                "#!/bin/bash\n",
                                "curl https://s3-eu-west-1.amazonaws.com/academy-bucket/academy-key/academy_key.pub >> ~/.ssh/authorized_keys\n",
                                "docker login -u devops.training -p ztNsaJPyrSyrPdtn -e devops.training@accenture.com docker.accenture.com\n",
                                "docker run -td --restart=always -p 8080:8080 docker.accenture.com/dcsc/academy_jira:",
                                {
                                    "Ref": "JiraVersion"
                                },
                                "\n"
                            ]
                        ]
                    }
                }
            },
            "Type": "AWS::EC2::Instance"
        },
        "JenkinsSecurityGroup": {
            "Properties": {
                "GroupDescription": "Enabling access to all IPs and below listed ports",
                "SecurityGroupIngress": [
                    {
                        "CidrIp": "10.0.1.0/24",
                        "FromPort": "8010",
                        "IpProtocol": "tcp",
                        "ToPort": "8010"
                    }
                ],
                "VpcId": {
                    "Ref": "Vpc"
                }
            },
            "Type": "AWS::EC2::SecurityGroup"
        },
        "JiraSecurityGroup": {
            "Properties": {
                "GroupDescription": "Enabling access to all IPs and below listed ports",
                "SecurityGroupIngress": [
                    {
                        "CidrIp": "10.0.1.0/24",
                        "FromPort": "8080",
                        "IpProtocol": "tcp",
                        "ToPort": "8080"
                    }
                ],
                "VpcId": {
                    "Ref": "Vpc"
                }
            },
            "Type": "AWS::EC2::SecurityGroup"
        },
        "LDAPGerritShipyardSeleniumEc2Instance": {
            "Properties": {
                "BlockDeviceMappings": [
                    {
                        "DeviceName": "/dev/xvda",
                        "Ebs": {
                            "DeleteOnTermination": "true",
                            "VolumeSize": 50
                        }
                    }
                ],
                "ImageId": {
                    "Fn::FindInMap": [
                        "RegionMap",
                        {
                            "Ref": "AWS::Region"
                        },
                        "AMI"
                    ]
                },
                "InstanceType": "t2.medium",
                "KeyName": {
                    "Ref": "KeyName"
                },
                "NetworkInterfaces": [
                    {
                        "AssociatePublicIpAddress": "false",
                        "DeleteOnTermination": "true",
                        "DeviceIndex": "0",
                        "GroupSet": [
                            {
                                "Ref": "DefaultToolSecurityGroup"
                            },
                            {
                                "Ref": "OpenLDAPSecurityGroup"
                            },
                            {
                                "Ref": "GerritSecurityGroup"
                            },
                            {
                                "Ref": "SeleniumHubSecurityGroup"
                            },
                            {
                                "Ref": "ShipyardSecurityGroup"
                            }
                        ],
                        "PrivateIpAddress": "10.0.0.198",
                        "SubnetId": {
                            "Ref": "ToolSubnet"
                        }
                    }
                ],
                "Tags": [
                    {
                        "Key": "Name",
                        "Value": "ADOP-LDAPGeritShipyardSelenium"
                    },
                    {
                        "Key": "Project",
                        "Value": "ADOP"
                    }
                ],
                "UserData": {
                    "Fn::Base64": {
                        "Fn::Join": [
                            "",
                            [
                                "#!/bin/bash\n",
                                "curl https://s3-eu-west-1.amazonaws.com/academy-bucket/academy-key/academy_key.pub >> ~/.ssh/authorized_keys\n",
                                "docker login -u devops.training -p ztNsaJPyrSyrPdtn -e devops.training@accenture.com docker.accenture.com\n",
                                "wget -O shipyard_data.tar.gz https://s3-eu-west-1.amazonaws.com/academy-bucket/Shipyard/shipyard_data.tar.gz\n",
                                "tar xf shipyard_data.tar.gz -C /data/\n",
                                "docker run -it -d --name shipyard-rethinkdb-data -v /data/:/data/ --entrypoint /bin/bash shipyard/rethinkdb -l\n",
                                "docker run -it -P -d --name shipyard-rethinkdb --volumes-from shipyard-rethinkdb-data shipyard/rethinkdb\n",
                                "docker run -dt --restart=always -p 389:389 docker.accenture.com/dcsc/academy_openldap:",
                                {
                                    "Ref": "OpenLDAPVersion"
                                },
                                "\n",
				"docker run -dt --restart=always -e NGINX_IP=",
                                {
                                    "Fn::GetAtt": [
                                        "NginxNatEc2Instance",
                                        "PublicIp"
                                    ]
                                },
                                ":80 -e LDAP_IP=10.0.0.198:389 --restart=always -p 8030:8086 -p 29418:29418  docker.accenture.com/dcsc/academy_gerrit:",
                                {
                                    "Ref": "GerritVersion"
                                },
                                "\n",
                                "docker run -dt -p 4444:4444 --name selenium-hub selenium/hub:",
                                {
                                    "Ref": "SeleniumHubVersion"
                                },
                                "\n",
                                "docker run -dt --link selenium-hub:hub selenium/node-chrome:",
                                {
                                    "Ref": "SeleniumChromeNodeVersion"
                                },
                                "\n",
                                "docker run -it -p 80:8080 --restart=always -d --name shipyard --link shipyard-rethinkdb:rethinkdb shipyard/shipyard:",
                                {
                                    "Ref": "ShipyardVersion"
                                },
                                "\n"
                            ]
                        ]
                    }
                }
            },
            "Type": "AWS::EC2::Instance"
        },
        "LDAPSecurityGroup": {
            "Properties": {
                "GroupDescription": "Enabling access to OpenLDAP from all IP ranges.",
                "SecurityGroupIngress": [
                    {
                        "CidrIp": "0.0.0.0/0",
                        "FromPort": "389",
                        "IpProtocol": "tcp",
                        "ToPort": "389"
                    }
                ],
                "VpcId": {
                    "Ref": "Vpc"
                }
            },
            "Type": "AWS::EC2::SecurityGroup"
        },
        "NginxNatEc2Instance": {
            "Properties": {
                "BlockDeviceMappings": [
                    {
                        "DeviceName": "/dev/xvda",
                        "Ebs": {
                            "DeleteOnTermination": "true",
                            "VolumeSize": 50
                        }
                    }
                ],
                "ImageId": {
                    "Fn::FindInMap": [
                        "RegionMap",
                        {
                            "Ref": "AWS::Region"
                        },
                        "AMI"
                    ]
                },
                "InstanceType": "t2.medium",
                "KeyName": {
                    "Ref": "KeyName"
                },
                "NetworkInterfaces": [
                    {
                        "AssociatePublicIpAddress": "true",
                        "DeleteOnTermination": "true",
                        "DeviceIndex": "0",
                        "GroupSet": [
                            {
                                "Ref": "DefaultSecurityGroup"
                            },
                            {
                                "Ref": "LDAPSecurityGroup"
                            },
                            {
                                "Ref": "PublicSecurityGroup"
                            }
                        ],
                        "PrivateIpAddress": "10.0.1.5",
                        "SubnetId": {
                            "Ref": "PublicSubnet"
                        }
                    }
                ],
                "SourceDestCheck": "false",
                "Tags": [
                    {
                        "Key": "Department",
                        "Value": "ADOP"
                    },
                    {
                        "Key": "Name",
                        "Value": "ADOP-nginxNatProxy"
                    },
                    {
                        "Key": "Project",
                        "Value": "ADOP"
                    }
                ],
                "UserData": {
                    "Fn::Base64": {
                        "Fn::Join": [
                            "",
                            [
                                "#!/bin/bash\n",
                                "docker login -u devops.training -p ztNsaJPyrSyrPdtn -e devops.training@accenture.com docker.accenture.com\n",
                                "curl https://s3-eu-west-1.amazonaws.com/academy-bucket/academy-key/academy_key.pub >> ~/.ssh/authorized_keys\n",
                                "curl https://s3-eu-west-1.amazonaws.com/academy-bucket/scripts/configure-pat-nat.sh | bash\n",
                                "mkdir /data ; curl https://s3-eu-west-1.amazonaws.com/academy-bucket/nginx/config/academy_nginx_2.0.17.zip > /data/nginx.zip\n",
                                "unzip /data/nginx.zip -d /data/nginx ; rm -rf /data/nginx.zip\n",
                                "mkdir /var/log/nginx ; docker run --name DOMONginx -dt --restart=always --privileged -v /data/nginx/configuration/:/etc/nginx/ -v /data/nginx/release_note:/usr/share/nginx/html/ -v /var/log:/var/log -p 443:443 -p 80:80 docker.accenture.com/dcsc/academy_nginx:",
                                {
                                    "Ref": "NginxVersion"
                                },
                                "\n",
                                "docker run -td --restart=always --privileged -e RSYSLOG_IP_PORT=10.0.0.200:514 -v /var/log:/var/log docker.accenture.com/dcsc/rsyslog:",
                                {
                                    "Ref": "rsyslogVersion"
                                },
                                "\n",
                                "iptables -t nat -A PREROUTING -i eth0 -p tcp --dport 389 -j DNAT --to-destination 10.0.0.198:389\n",
                                "iptables -A INPUT -d 10.0.0.198 -p tcp --dport 389 -j ACCEPT\n",
                                "iptables -t nat -A POSTROUTING -p tcp --dport 389 -j MASQUERADE\n",
                                "\n"
                            ]
                        ]
                    }
                }
            },
            "Type": "AWS::EC2::Instance"
        },
        "NodeAppEc2Instance": {
            "Properties": {
                "BlockDeviceMappings": [
                    {
                        "DeviceName": "/dev/xvda",
                        "Ebs": {
                            "DeleteOnTermination": "true",
                            "VolumeSize": 50
                        }
                    }
                ],
                "ImageId": {
                    "Fn::FindInMap": [
                        "RegionMap",
                        {
                            "Ref": "AWS::Region"
                        },
                        "AMI"
                    ]
                },
                "InstanceType": "t2.medium",
                "KeyName": {
                    "Ref": "KeyName"
                },
                "NetworkInterfaces": [
                    {
                        "AssociatePublicIpAddress": "false",
                        "DeleteOnTermination": "true",
                        "DeviceIndex": "0",
                        "GroupSet": [
                            {
                                "Ref": "DefaultApplicationSecurityGroup"
                            },
                            {
                                "Ref": "NodeAppSecurityGroup"
                            }
                        ],
                        "PrivateIpAddress": "10.0.2.7",
                        "SubnetId": {
                            "Ref": "ApplicationSubnet"
                        }
                    }
                ],
                "Tags": [
                    {
                        "Key": "Name",
                        "Value": "ADOP-NodeApp"
                    },
                    {
                        "Key": "Project",
                        "Value": "ADOP"
                    }
                ],
                "UserData": {
                    "Fn::Base64": {
                        "Fn::Join": [
                            "",
                            [
                                "#!/bin/bash\n",
                                "curl https://s3-eu-west-1.amazonaws.com/academy-bucket/academy-key/academy_key.pub >> ~/.ssh/authorized_keys\n",
                                "mkdir -p /var/www/html\n",
                                "cd /var/www/html\n",
                                "wget -O dist.zip https://s3-eu-west-1.amazonaws.com/academy-bucket/aowp/dist.zip\n",
                                "unzip dist.zip\n",
                                "rm -rf dist.zip\n",
                                "docker login -u devops.training -p ztNsaJPyrSyrPdtn -e devops.training@accenture.com docker.accenture.com\n",
                                "docker run --name nodeapp -i -d -h localhost -p 80:8081 -p 3306:3306 -v /var/www/html:/opt/questionapp/dist docker.accenture.com/dcsc/nodeapp_qa_1:",
                                {
                                    "Ref": "NodeAppVersion"
                                },
                                "\n",
                                "docker exec -dt nodeapp startquestionapp 10.0.2.7\n",
                                "\n"
                            ]
                        ]
                    }
                }
            },
            "Type": "AWS::EC2::Instance"
        },
        "NodeAppEc2InstanceTwo": {
            "Properties": {
                "BlockDeviceMappings": [
                    {
                        "DeviceName": "/dev/xvda",
                        "Ebs": {
                            "DeleteOnTermination": "true",
                            "VolumeSize": 50
                        }
                    }
                ],
                "ImageId": {
                    "Fn::FindInMap": [
                        "RegionMap",
                        {
                            "Ref": "AWS::Region"
                        },
                        "AMI"
                    ]
                },
                "InstanceType": "t2.micro",
                "KeyName": {
                    "Ref": "KeyName"
                },
                "NetworkInterfaces": [
                    {
                        "AssociatePublicIpAddress": "false",
                        "DeleteOnTermination": "true",
                        "DeviceIndex": "0",
                        "GroupSet": [
                            {
                                "Ref": "DefaultApplicationSecurityGroup"
                            },
                            {
                                "Ref": "NodeAppSecurityGroup"
                            }
                        ],
                        "PrivateIpAddress": "10.0.2.8",
                        "SubnetId": {
                            "Ref": "ApplicationSubnet"
                        }
                    }
                ],
                "Tags": [
                    {
                        "Key": "Name",
                        "Value": "ADOP-NodeApp"
                    },
                    {
                        "Key": "Project",
                        "Value": "ADOP"
                    }
                ],
                "UserData": {
                    "Fn::Base64": {
                        "Fn::Join": [
                            "",
                            [
                                "#!/bin/bash\n",
                                "curl https://s3-eu-west-1.amazonaws.com/academy-bucket/academy-key/academy_key.pub >> ~/.ssh/authorized_keys\n",
                                "mkdir -p /var/www/html\n",
                                "cd /var/www/html\n",
                                "wget -O dist.zip https://s3-eu-west-1.amazonaws.com/academy-bucket/aowp/dist.zip\n",
                                "unzip dist.zip\n",
                                "rm -rf dist.zip\n",
                                "docker login -u devops.training -p ztNsaJPyrSyrPdtn -e devops.training@accenture.com docker.accenture.com\n",
                                "docker run --name nodeapp -i -d -h localhost -p 80:8081 -p 3306:3306 -v /var/www/html:/opt/questionapp/dist docker.accenture.com/dcsc/nodeapp_qa_1:",
                                {
                                    "Ref": "NodeAppVersion"
                                },
                                "\n",
                                "docker exec -dt nodeapp startquestionapp 10.0.2.7\n",
                                "\n"
                            ]
                        ]
                    }
                }
            },
            "Type": "AWS::EC2::Instance"
        },
        "NodeAppSecurityGroup": {
            "Properties": {
                "GroupDescription": "Enabling access to all IPs and below listed ports",
                "SecurityGroupIngress": [
                    {
                        "CidrIp": "10.0.1.0/24",
                        "FromPort": "80",
                        "IpProtocol": "tcp",
                        "ToPort": "80"
                    },
                    {
                        "CidrIp": "10.0.2.0/24",
                        "FromPort": "3306",
                        "IpProtocol": "tcp",
                        "ToPort": "3306"
                    },
                    {
                        "CidrIp": "10.0.1.0/24",
                        "FromPort": "5984",
                        "IpProtocol": "tcp",
                        "ToPort": "5984"
                    },
                    {
                        "CidrIp": "10.0.1.0/24",
                        "FromPort": "8081",
                        "IpProtocol": "tcp",
                        "ToPort": "8081"
                    }
                ],
                "VpcId": {
                    "Ref": "Vpc"
                }
            },
            "Type": "AWS::EC2::SecurityGroup"
        },
        "OpenLDAPSecurityGroup": {
            "Properties": {
                "GroupDescription": "Enabling access to all IPs and below listed ports",
                "SecurityGroupIngress": [
                    {
                        "CidrIp": "10.0.1.0/24",
                        "FromPort": "389",
                        "IpProtocol": "tcp",
                        "ToPort": "389"
                    },
                    {
                        "CidrIp": "10.0.0.0/24",
                        "FromPort": "389",
                        "IpProtocol": "tcp",
                        "ToPort": "389"
                    }
                ],
                "VpcId": {
                    "Ref": "Vpc"
                }
            },
            "Type": "AWS::EC2::SecurityGroup"
        },
        "PetclinicSecurityGroup": {
            "Properties": {
                "GroupDescription": "Enabling access to all IPs and below listed ports",
                "SecurityGroupIngress": [
                    {
                        "CidrIp": "10.0.1.0/24",
                        "FromPort": "9595",
                        "IpProtocol": "tcp",
                        "ToPort": "9595"
                    },
                    {
                        "CidrIp": "10.0.1.0/24",
                        "FromPort": "8080",
                        "IpProtocol": "tcp",
                        "ToPort": "8080"
                    },
                    {
                        "CidrIp": "10.0.0.0/24",
                        "FromPort": "9595",
                        "IpProtocol": "tcp",
                        "ToPort": "9595"
                    },
                    {
                        "CidrIp": "10.0.0.0/24",
                        "FromPort": "8080",
                        "IpProtocol": "tcp",
                        "ToPort": "8080"
                    }
                ],
                "VpcId": {
                    "Ref": "Vpc"
                }
            },
            "Type": "AWS::EC2::SecurityGroup"
        },
        "PhabricatorEc2Instance": {
            "Properties": {
                "BlockDeviceMappings": [
                    {
                        "DeviceName": "/dev/xvda",
                        "Ebs": {
                            "DeleteOnTermination": "true",
                            "VolumeSize": 50
                        }
                    }
                ],
                "ImageId": {
                    "Fn::FindInMap": [
                        "RegionMap",
                        {
                            "Ref": "AWS::Region"
                        },
                        "AMI"
                    ]
                },
                "InstanceType": "t2.micro",
                "KeyName": {
                    "Ref": "KeyName"
                },
                "NetworkInterfaces": [
                    {
                        "AssociatePublicIpAddress": "false",
                        "DeleteOnTermination": "true",
                        "DeviceIndex": "0",
                        "GroupSet": [
                            {
                                "Ref": "DefaultToolSecurityGroup"
                            },
                            {
                                "Ref": "PhabricatorSecurityGroup"
                            }
                        ],
                        "PrivateIpAddress": "10.0.0.202",
                        "SubnetId": {
                            "Ref": "ToolSubnet"
                        }
                    }
                ],
                "Tags": [
                    {
                        "Key": "Name",
                        "Value": "ADOP-Phabricator"
                    },
                    {
                        "Key": "Project",
                        "Value": "ADOP"
                    }
                ],
                "UserData": {
                    "Fn::Base64": {
                        "Fn::Join": [
                            "",
                            [
                                "#!/bin/bash\n",
                                "service iptables stop\n",
                                "chkconfig iptables off\n",
                                "curl https://s3-eu-west-1.amazonaws.com/academy-bucket/academy-key/academy_key.pub >> ~/.ssh/authorized_keys\n",
                                "docker login -u devops.training -p 95Z4K31tmu2xdfgcat -e devops.training@accenture.com docker.accenture.com\n",
                                "docker run --name ModelOfficePhabricator -i -d -p 80:80 docker.accenture.com/aowp/phabricator:",
                                {
                                    "Ref": "PhabricatorVersion"
                                },
                                "\n",
                                "\ndocker exec -dt ModelOfficePhabricator change_uri phabricator.",
                                {
                                    "Fn::GetAtt": [
                                        "NginxNatEc2Instance",
                                        "PublicIp"
                                    ]
                                },
                                ".xip.io\n"
                            ]
                        ]
                    }
                }
            },
            "Type": "AWS::EC2::Instance"
        },
        "PhabricatorSecurityGroup": {
            "Properties": {
                "GroupDescription": "Enabling access to all IPs and below listed ports",
                "SecurityGroupIngress": [
                    {
                        "CidrIp": "10.0.1.0/24",
                        "FromPort": "80",
                        "IpProtocol": "tcp",
                        "ToPort": "80"
                    }
                ],
                "VpcId": {
                    "Ref": "Vpc"
                }
            },
            "Type": "AWS::EC2::SecurityGroup"
        },
        "PrivateApplicationSubnetPrivateRouteTableAssoc": {
            "Properties": {
                "RouteTableId": {
                    "Ref": "PrivateRouteTable"
                },
                "SubnetId": {
                    "Ref": "ApplicationSubnet"
                }
            },
            "Type": "AWS::EC2::SubnetRouteTableAssociation"
        },
        "PrivateRouteDefault": {
            "Properties": {
                "DestinationCidrBlock": "0.0.0.0/0",
                "InstanceId": {
                    "Ref": "NginxNatEc2Instance"
                },
                "RouteTableId": {
                    "Ref": "PrivateRouteTable"
                }
            },
            "Type": "AWS::EC2::Route"
        },
        "PrivateRouteTable": {
            "Properties": {
                "VpcId": {
                    "Ref": "Vpc"
                }
            },
            "Type": "AWS::EC2::RouteTable"
        },
        "PrivateToolSubnetPrivateRouteTableAssoc": {
            "Properties": {
                "RouteTableId": {
                    "Ref": "PrivateRouteTable"
                },
                "SubnetId": {
                    "Ref": "ToolSubnet"
                }
            },
            "Type": "AWS::EC2::SubnetRouteTableAssociation"
        },
        "PublicRouteDefault": {
            "Properties": {
                "DestinationCidrBlock": "0.0.0.0/0",
                "GatewayId": {
                    "Ref": "VpcInternetGateway"
                },
                "RouteTableId": {
                    "Ref": "PublicRouteTable"
                }
            },
            "Type": "AWS::EC2::Route"
        },
        "PublicRouteTable": {
            "Properties": {
                "VpcId": {
                    "Ref": "Vpc"
                }
            },
            "Type": "AWS::EC2::RouteTable"
        },
        "PublicSecurityGroup": {
            "Properties": {
                "GroupDescription": "Enabling access to all IPs and below listed ports",
                "SecurityGroupEgress": [
                    {
                        "CidrIp": "0.0.0.0/0",
                        "FromPort": "0",
                        "IpProtocol": "tcp",
                        "ToPort": "65535"
                    },
                    {
                        "CidrIp": "0.0.0.0/0",
                        "FromPort": "0",
                        "IpProtocol": "udp",
                        "ToPort": "65535"
                    }
                ],
                "VpcId": {
                    "Ref": "Vpc"
                }
            },
            "Type": "AWS::EC2::SecurityGroup"
        },
        "PublicSubnet": {
            "Properties": {
                "CidrBlock": "10.0.1.0/24",
                "VpcId": {
                    "Ref": "Vpc"
                }
            },
            "Type": "AWS::EC2::Subnet"
        },
        "PublicSubnetPublicRouteTableAssoc": {
            "Properties": {
                "RouteTableId": {
                    "Ref": "PublicRouteTable"
                },
                "SubnetId": {
                    "Ref": "PublicSubnet"
                }
            },
            "Type": "AWS::EC2::SubnetRouteTableAssociation"
        },
        "SNSTopic": {
            "Properties": {
                "Subscription": [],
                "TopicName": {
                    "Ref": "AWS::StackName"
                }
            },
            "Type": "AWS::SNS::Topic"
        },
        "SeleniumHubSecurityGroup": {
            "Properties": {
                "GroupDescription": "Enabling access to all IPs and below listed ports",
                "SecurityGroupIngress": [
                    {
                        "CidrIp": "10.0.1.0/24",
                        "FromPort": "4444",
                        "IpProtocol": "tcp",
                        "ToPort": "4444"
                    },
                    {
                        "CidrIp": "10.0.0.0/24",
                        "FromPort": "4444",
                        "IpProtocol": "tcp",
                        "ToPort": "4444"
                    }
                ],
                "VpcId": {
                    "Ref": "Vpc"
                }
            },
            "Type": "AWS::EC2::SecurityGroup"
        },
        "ShipyardSecurityGroup": {
            "Properties": {
                "GroupDescription": "Enabling access to all IPs and below listed ports",
                "SecurityGroupIngress": [
                    {
                        "CidrIp": "10.0.1.0/24",
                        "FromPort": "80",
                        "IpProtocol": "tcp",
                        "ToPort": "80"
                    }
                ],
                "VpcId": {
                    "Ref": "Vpc"
                }
            },
            "Type": "AWS::EC2::SecurityGroup"
        },
        "SonarJenkinsEc2Instance": {
            "Properties": {
                "BlockDeviceMappings": [
                    {
                        "DeviceName": "/dev/xvda",
                        "Ebs": {
                            "DeleteOnTermination": "true",
                            "VolumeSize": 50
                        }
                    }
                ],
                "ImageId": {
                    "Fn::FindInMap": [
                        "RegionMap",
                        {
                            "Ref": "AWS::Region"
                        },
                        "AMI"
                    ]
                },
                "InstanceType": "t2.medium",
                "KeyName": {
                    "Ref": "KeyName"
                },
                "NetworkInterfaces": [
                    {
                        "AssociatePublicIpAddress": "false",
                        "DeleteOnTermination": "true",
                        "DeviceIndex": "0",
                        "GroupSet": [
                            {
                                "Ref": "DefaultToolSecurityGroup"
                            },
                            {
                                "Ref": "JenkinsSecurityGroup"
                            },
                            {
                                "Ref": "SonarSecurityGroup"
                            }
                        ],
                        "PrivateIpAddress": "10.0.0.197",
                        "SubnetId": {
                            "Ref": "ToolSubnet"
                        }
                    }
                ],
                "Tags": [
                    {
                        "Key": "Name",
                        "Value": "ADOP-SonarJenkins"
                    },
                    {
                        "Key": "Project",
                        "Value": "ADOP"
                    }
                ],
                "UserData": {
                    "Fn::Base64": {
                        "Fn::Join": [
                            "",
                            [
                                "#!/bin/bash\n",
                                "curl https://s3-eu-west-1.amazonaws.com/academy-bucket/academy-key/academy_key.pub >> ~/.ssh/authorized_keys\n",
                                "docker login -u devops.training -p ztNsaJPyrSyrPdtn -e devops.training@accenture.com docker.accenture.com\n",
                                "docker run -dt -p 8010:8080 --restart=always --privileged -v /data:/data -v /var/run/docker.sock:/var/run/docker.sock docker.accenture.com/dcsc/academy_jenkins:",
                                {
                                    "Ref": "JenkinsVersion"
                                },
                                "\n",
                                "docker run -dt --restart=always -p 8020:9000 -p 3306:3306 docker.accenture.com/dcsc/academy_sonar:",
                                {
                                    "Ref": "SonarVersion"
                                },
                                "\n",
                                "\n"
                            ]
                        ]
                    }
                }
            },
            "Type": "AWS::EC2::Instance"
        },
        "SonarSecurityGroup": {
            "Properties": {
                "GroupDescription": "Enabling access to all IPs and below listed ports",
                "SecurityGroupIngress": [
                    {
                        "CidrIp": "10.0.1.0/24",
                        "FromPort": "8020",
                        "IpProtocol": "tcp",
                        "ToPort": "8020"
                    },
                    {
                        "CidrIp": "10.0.0.0/24",
                        "FromPort": "3306",
                        "IpProtocol": "tcp",
                        "ToPort": "3306"
                    }
                ],
                "VpcId": {
                    "Ref": "Vpc"
                }
            },
            "Type": "AWS::EC2::SecurityGroup"
        },
        "ToolSubnet": {
            "Properties": {
                "CidrBlock": "10.0.0.0/24",
                "VpcId": {
                    "Ref": "Vpc"
                }
            },
            "Type": "AWS::EC2::Subnet"
        },
        "Vpc": {
            "Properties": {
                "CidrBlock": "10.0.0.0/16",
                "EnableDnsHostnames": "true",
                "EnableDnsSupport": "true"
            },
            "Type": "AWS::EC2::VPC"
        },
        "VpcGatewayAttachment": {
            "Properties": {
                "InternetGatewayId": {
                    "Ref": "VpcInternetGateway"
                },
                "VpcId": {
                    "Ref": "Vpc"
                }
            },
            "Type": "AWS::EC2::VPCGatewayAttachment"
        },
        "VpcInternetGateway": {
            "Type": "AWS::EC2::InternetGateway"
        }
    }
}
