{
  "title": "Chef-Client Converges",
  "services": {
    "query": {
      "list": {
        "0": {
          "query": "type:chef_handler AND success:true",
          "alias": "",
          "color": "#7EB26D",
          "id": 0,
          "pin": false,
          "type": "lucene",
          "enable": true
        },
        "1": {
          "id": 1,
          "color": "#890F02",
          "alias": "",
          "pin": false,
          "type": "lucene",
          "enable": true,
          "query": "type:chef_handler AND success:false"
        }
      },
      "ids": [
        0,
        1
      ]
    },
    "filter": {
      "list": {
        "0": {
          "type": "time",
          "field": "@timestamp",
          "from": "now-24h",
          "to": "now",
          "mandate": "must",
          "active": true,
          "alias": "",
          "id": 0
        }
      },
      "ids": [
        0
      ]
    }
  },
  "rows": [
    {
      "title": "Statistics",
      "height": "150px",
      "editable": true,
      "collapse": false,
      "collapsable": true,
      "panels": [
        {
          "error": false,
          "span": 4,
          "editable": true,
          "type": "terms",
          "loadingEditor": false,
          "field": "success",
          "exclude": [],
          "missing": true,
          "other": true,
          "size": 2,
          "order": "count",
          "style": {
            "font-size": "10pt"
          },
          "donut": false,
          "tilt": false,
          "labels": true,
          "arrangement": "horizontal",
          "chart": "pie",
          "counter_pos": "none",
          "spyable": true,
          "queries": {
            "mode": "selected",
            "ids": [
              0,
              1
            ]
          },
          "tmode": "terms",
          "tstat": "total",
          "valuefield": "",
          "title": "Chef Client Converge Result"
        },
        {
          "error": false,
          "span": 4,
          "editable": true,
          "type": "terms",
          "loadingEditor": false,
          "field": "updated_resources_count",
          "exclude": [],
          "missing": true,
          "other": true,
          "size": 100,
          "order": "count",
          "style": {
            "font-size": "10pt"
          },
          "donut": false,
          "tilt": false,
          "labels": true,
          "arrangement": "horizontal",
          "chart": "pie",
          "counter_pos": "none",
          "spyable": true,
          "queries": {
            "mode": "all",
            "ids": [
              0,
              1
            ]
          },
          "tmode": "terms",
          "tstat": "total",
          "valuefield": "",
          "title": "Chef Updated Resources"
        },
        {
          "error": false,
          "span": 2,
          "editable": true,
          "type": "terms",
          "loadingEditor": false,
          "field": "host",
          "exclude": [],
          "missing": false,
          "other": false,
          "size": 100,
          "order": "term",
          "style": {
            "font-size": "10pt"
          },
          "donut": true,
          "tilt": false,
          "labels": true,
          "arrangement": "horizontal",
          "chart": "pie",
          "counter_pos": "none",
          "spyable": true,
          "queries": {
            "mode": "all",
            "ids": [
              0,
              1
            ]
          },
          "tmode": "terms",
          "tstat": "count",
          "valuefield": "success",
          "title": "Hosts"
        },
        {
          "span": 2,
          "editable": true,
          "type": "trends",
          "loadingEditor": false,
          "ago": "1d",
          "arrangement": "vertical",
          "reverse": false,
          "spyable": true,
          "queries": {
            "mode": "all",
            "ids": [
              0,
              1
            ]
          },
          "style": {
            "font-size": "20pt"
          },
          "title": "Trends"
        }
      ],
      "notice": false
    },
    {
      "title": "Graph",
      "height": "350px",
      "editable": true,
      "collapse": false,
      "collapsable": true,
      "panels": [
        {
          "span": 12,
          "editable": true,
          "group": [
            "default"
          ],
          "type": "histogram",
          "mode": "count",
          "time_field": "@timestamp",
          "value_field": null,
          "auto_int": true,
          "resolution": 100,
          "interval": "10m",
          "fill": 3,
          "linewidth": 3,
          "timezone": "browser",
          "spyable": true,
          "zoomlinks": true,
          "bars": true,
          "stack": true,
          "points": false,
          "lines": false,
          "legend": true,
          "x-axis": true,
          "y-axis": true,
          "percentage": false,
          "interactive": true,
          "queries": {
            "mode": "all",
            "ids": [
              0,
              1
            ]
          },
          "title": "Events over time",
          "intervals": [
            "auto",
            "1s",
            "1m",
            "5m",
            "10m",
            "30m",
            "1h",
            "3h",
            "12h",
            "1d",
            "1w",
            "1M",
            "1y"
          ],
          "options": true,
          "tooltip": {
            "value_type": "cumulative",
            "query_as_alias": true
          },
          "scale": 1,
          "y_format": "none",
          "grid": {
            "max": null,
            "min": 0
          },
          "annotate": {
            "enable": false,
            "query": "*",
            "size": 20,
            "field": "_type",
            "sort": [
              "_score",
              "desc"
            ]
          },
          "pointradius": 5,
          "show_query": true,
          "legend_counts": true,
          "zerofill": true,
          "derivative": false
        }
      ],
      "notice": false
    },
    {
      "title": "Events",
      "height": "350px",
      "editable": true,
      "collapse": false,
      "collapsable": true,
      "panels": [
        {
          "title": "All events",
          "error": false,
          "span": 12,
          "editable": true,
          "group": [
            "default"
          ],
          "type": "table",
          "size": 50,
          "pages": 10,
          "offset": 0,
          "sort": [
            "@timestamp",
            "desc"
          ],
          "style": {
            "font-size": "9pt"
          },
          "overflow": "min-height",
          "fields": [
            "@timestamp",
            "chef_version",
            "platform_version",
            "updated_resources"
          ],
          "localTime": true,
          "timeField": "@timestamp",
          "highlight": [],
          "sortable": true,
          "header": true,
          "paging": true,
          "spyable": true,
          "queries": {
            "mode": "all",
            "ids": [
              0,
              1
            ]
          },
          "field_list": true,
          "status": "Stable",
          "trimFactor": 300,
          "normTimes": true,
          "all_fields": false
        }
      ],
      "notice": false
    }
  ],
  "editable": true,
  "failover": false,
  "index": {
    "interval": "day",
    "pattern": "[logstash-]YYYY.MM.DD",
    "default": "NO_TIME_FILTER_OR_INDEX_PATTERN_NOT_MATCHED",
    "warm_fields": true
  },
  "style": "dark",
  "panel_hints": true,
  "pulldowns": [
    {
      "type": "query",
      "collapse": true,
      "notice": false,
      "query": "*",
      "pinned": true,
      "history": [
        "type:chef_handler AND success:false",
        "type:chef_handler AND success:true",
        "*type:chef_handler AND success:false",
        "type:chef_handler",
        "_type = chef",
        "\"_type:chef\"",
        "\"_type = chef\"",
        "_type = chef ",
        "_type = chef AND success = true",
        "\"_type = chef\" AND \"success = true\""
      ],
      "remember": 10,
      "enable": true
    },
    {
      "type": "filtering",
      "collapse": true,
      "notice": true,
      "enable": true
    }
  ],
  "nav": [
    {
      "type": "timepicker",
      "collapse": false,
      "notice": false,
      "status": "Stable",
      "time_options": [
        "5m",
        "15m",
        "1h",
        "6h",
        "12h",
        "24h",
        "2d",
        "7d",
        "30d"
      ],
      "refresh_intervals": [
        "5s",
        "10s",
        "30s",
        "1m",
        "5m",
        "15m",
        "30m",
        "1h",
        "2h",
        "1d"
      ],
      "timefield": "@timestamp",
      "now": true,
      "filter_id": 0,
      "enable": true
    }
  ],
  "loader": {
    "save_gist": false,
    "save_elasticsearch": true,
    "save_local": true,
    "save_default": true,
    "save_temp": true,
    "save_temp_ttl_enable": true,
    "save_temp_ttl": "30d",
    "load_gist": true,
    "load_elasticsearch": true,
    "load_elasticsearch_size": 20,
    "load_local": true,
    "hide": false
  },
  "refresh": false
}