{
  "title": "NGINX Access Logs",
  "services": {
    "query": {
      "list": {
        "0": {
          "query": "304 or 200",
          "alias": "",
          "color": "#7EB26D",
          "id": 0,
          "pin": false,
          "type": "lucene",
          "enable": true
        },
        "1": {
          "id": 1,
          "color": "#BF1B00",
          "alias": "",
          "pin": false,
          "type": "lucene",
          "enable": true,
          "query": "503"
        },
        "2": {
          "id": 2,
          "color": "#6ED0E0",
          "alias": "",
          "pin": false,
          "type": "lucene",
          "enable": true,
          "query": "404"
        }
      },
      "ids": [
        0,
        1,
        2
      ]
    },
    "filter": {
      "list": {
        "0": {
          "type": "time",
          "field": "@timestamp",
          "from": "now-12h",
          "to": "now",
          "mandate": "must",
          "active": true,
          "alias": "",
          "id": 0
        }
      },
      "ids": [
        0
      ]
    }
  },
  "rows": [
    {
      "title": "Events",
      "height": "150px",
      "editable": true,
      "collapse": false,
      "collapsable": true,
      "panels": [
        {
          "span": 6,
          "editable": true,
          "type": "histogram",
          "loadingEditor": false,
          "mode": "count",
          "time_field": "@timestamp",
          "value_field": null,
          "x-axis": true,
          "y-axis": true,
          "scale": 1,
          "y_format": "none",
          "grid": {
            "max": null,
            "min": 0
          },
          "queries": {
            "mode": "all",
            "ids": [
              0,
              1,
              2
            ]
          },
          "annotate": {
            "enable": false,
            "query": "",
            "size": 20,
            "field": "_type",
            "sort": [
              "_score",
              "desc"
            ]
          },
          "auto_int": true,
          "resolution": 100,
          "interval": "5m",
          "intervals": [
            "auto",
            "1s",
            "1m",
            "5m",
            "10m",
            "30m",
            "1h",
            "3h",
            "12h",
            "1d",
            "1w",
            "1y"
          ],
          "lines": false,
          "fill": 0,
          "linewidth": 3,
          "points": false,
          "pointradius": 5,
          "bars": true,
          "stack": true,
          "spyable": false,
          "zoomlinks": true,
          "options": true,
          "legend": true,
          "show_query": true,
          "interactive": true,
          "legend_counts": true,
          "timezone": "browser",
          "percentage": false,
          "zerofill": true,
          "derivative": false,
          "tooltip": {
            "value_type": "individual",
            "query_as_alias": true
          },
          "title": "HTTP Requests"
        },
        {
          "error": false,
          "span": 3,
          "editable": true,
          "type": "terms",
          "loadingEditor": false,
          "field": "geoip.country_code2",
          "exclude": [],
          "missing": false,
          "other": true,
          "size": 10,
          "order": "count",
          "style": {
            "font-size": "10pt"
          },
          "donut": false,
          "tilt": false,
          "labels": true,
          "arrangement": "horizontal",
          "chart": "pie",
          "counter_pos": "above",
          "spyable": true,
          "queries": {
            "mode": "all",
            "ids": [
              0,
              1,
              2
            ]
          },
          "tmode": "terms",
          "tstat": "total",
          "valuefield": ""
        },
        {
          "error": false,
          "span": 3,
          "editable": true,
          "type": "map",
          "loadingEditor": false,
          "map": "world",
          "colors": [
            "#A0E2E2",
            "#265656"
          ],
          "size": 100,
          "exclude": [],
          "spyable": true,
          "queries": {
            "mode": "pinned",
            "ids": []
          },
          "field": "geoip.country_code2",
          "title": "Map"
        }
      ],
      "notice": false
    },
    {
      "title": "Status Codes",
      "height": "150px",
      "editable": true,
      "collapse": false,
      "collapsable": true,
      "panels": [
        {
          "error": false,
          "span": 3,
          "editable": true,
          "type": "terms",
          "loadingEditor": false,
          "field": "http_status_code",
          "exclude": [],
          "missing": false,
          "other": true,
          "size": 10,
          "order": "count",
          "style": {
            "font-size": "10pt"
          },
          "donut": false,
          "tilt": false,
          "labels": true,
          "arrangement": "horizontal",
          "chart": "pie",
          "counter_pos": "above",
          "spyable": true,
          "queries": {
            "mode": "all",
            "ids": [
              0,
              1,
              2
            ]
          },
          "tmode": "terms",
          "tstat": "total",
          "valuefield": "",
          "title": "HTTP Return Codes"
        },
        {
          "error": false,
          "span": 3,
          "editable": true,
          "type": "terms",
          "loadingEditor": false,
          "field": "http_verb",
          "exclude": [],
          "missing": false,
          "other": true,
          "size": 10,
          "order": "count",
          "style": {
            "font-size": "10pt"
          },
          "donut": false,
          "tilt": false,
          "labels": true,
          "arrangement": "horizontal",
          "chart": "pie",
          "counter_pos": "above",
          "spyable": true,
          "queries": {
            "mode": "all",
            "ids": [
              0,
              1,
              2
            ]
          },
          "tmode": "terms",
          "tstat": "total",
          "valuefield": "",
          "title": "HTTP Request Types"
        },
        {
          "error": false,
          "span": 3,
          "editable": true,
          "type": "terms",
          "loadingEditor": false,
          "field": "client_ip",
          "exclude": [],
          "missing": false,
          "other": false,
          "size": 5,
          "order": "count",
          "style": {
            "font-size": "9pt"
          },
          "donut": false,
          "tilt": false,
          "labels": true,
          "arrangement": "horizontal",
          "chart": "table",
          "counter_pos": "above",
          "spyable": true,
          "queries": {
            "mode": "all",
            "ids": [
              0,
              1,
              2
            ]
          },
          "tmode": "terms",
          "tstat": "total",
          "valuefield": "",
          "title": "Top 5 IPs"
        },
        {
          "error": false,
          "span": 3,
          "editable": true,
          "type": "terms",
          "loadingEditor": false,
          "field": "http_request",
          "exclude": [],
          "missing": false,
          "other": false,
          "size": 5,
          "order": "count",
          "style": {
            "font-size": "9pt"
          },
          "donut": true,
          "tilt": true,
          "labels": true,
          "arrangement": "horizontal",
          "chart": "table",
          "counter_pos": "above",
          "spyable": true,
          "queries": {
            "mode": "all",
            "ids": [
              0,
              1,
              2
            ]
          },
          "tmode": "terms",
          "tstat": "total",
          "valuefield": "",
          "title": "Top 5 Requests"
        }
      ],
      "notice": false
    },
    {
      "title": "Top 10 IPs",
      "height": "150px",
      "editable": true,
      "collapse": false,
      "collapsable": true,
      "panels": [
        {
          "title": "All events",
          "error": false,
          "span": 12,
          "editable": true,
          "group": [
            "default"
          ],
          "type": "table",
          "size": 100,
          "pages": 1,
          "offset": 0,
          "sort": [
            "timestamp",
            "asc"
          ],
          "style": {
            "font-size": "9pt"
          },
          "overflow": "min-height",
          "fields": [
            "timestamp",
            "http_verb",
            "http_request",
            "client_ip",
            "http_host",
            "http_status_code",
            "http_version",
            "agent"
          ],
          "localTime": true,
          "timeField": "@timestamp",
          "highlight": [],
          "sortable": true,
          "header": true,
          "paging": true,
          "spyable": true,
          "queries": {
            "mode": "all",
            "ids": [
              0,
              1,
              2
            ]
          },
          "field_list": true,
          "status": "Stable",
          "trimFactor": 300,
          "normTimes": true,
          "all_fields": false
        }
      ],
      "notice": false
    },
    {
      "title": "Graph",
      "height": "350px",
      "editable": true,
      "collapse": false,
      "collapsable": true,
      "panels": [],
      "notice": false
    }
  ],
  "editable": true,
  "failover": false,
  "index": {
    "interval": "day",
    "pattern": "[logstash-]YYYY.MM.DD",
    "default": "NO_TIME_FILTER_OR_INDEX_PATTERN_NOT_MATCHED",
    "warm_fields": true
  },
  "style": "dark",
  "panel_hints": true,
  "pulldowns": [
    {
      "type": "query",
      "collapse": true,
      "notice": false,
      "query": "*",
      "pinned": true,
      "history": [
        "404",
        "503",
        "304 or 200"
      ],
      "remember": 10,
      "enable": true
    },
    {
      "type": "filtering",
      "collapse": true,
      "notice": true,
      "enable": true
    }
  ],
  "nav": [
    {
      "type": "timepicker",
      "collapse": false,
      "notice": false,
      "status": "Stable",
      "time_options": [
        "5m",
        "15m",
        "1h",
        "6h",
        "12h",
        "24h",
        "2d",
        "7d",
        "30d"
      ],
      "refresh_intervals": [
        "5s",
        "10s",
        "30s",
        "1m",
        "5m",
        "15m",
        "30m",
        "1h",
        "2h",
        "1d"
      ],
      "timefield": "@timestamp",
      "now": true,
      "filter_id": 0,
      "enable": true
    }
  ],
  "loader": {
    "save_gist": false,
    "save_elasticsearch": true,
    "save_local": true,
    "save_default": true,
    "save_temp": true,
    "save_temp_ttl_enable": true,
    "save_temp_ttl": "30d",
    "load_gist": true,
    "load_elasticsearch": true,
    "load_elasticsearch_size": 20,
    "load_local": true,
    "hide": false
  },
  "refresh": "30s"
}